-- User 데이터 삽입
INSERT INTO users (user_id, phone_number) VALUES
                                              (1, '010-1234-5678'),
                                              (2, '010-2345-6789'),
                                              (3, '010-3456-7890');


-- Ticket 데이터 삽입
INSERT INTO ticket (ticket_id, ticket_type, depart_date, depart_time, depart_station, arrive_time, arrive_station, price) VALUES
                                                                                                                              (8080, 'KTX-이음 816', '20240807', '20240807152400', '강릉', '20240807154600', '평창', '8400원'),
                                                                                                                              (8160, 'SRT 681', '20240807', '20240807112900', '공주', '20240807120600', '전주', '8800원'),
                                                                                                                              (8240, '무궁화호 1974', '20240807', '20240807154100', '광주송정', '20240807175800', '순천', '7700원'),
                                                                                                                              (8320, 'KTX-산천(B-type) 438', '20240807', '20240807212000', '광주송정', '20240807224700', '천안아산', '33800원'),
                                                                                                                              (8400, '무궁화호 1424', '20240807', '20240807145900', '광주', '20240807182600', '천안', '17000원'),
                                                                                                                              (8480, '무궁화호 1210', '20240807', '20240807120600', '구미', '20240807132300', '대전', '7200원'),
                                                                                                                              (8560, 'ITX-마음 1108', '20240807', '20240807195400', '구미', '20240807225300', '서울', '0원'),
                                                                                                                              (8640, 'ITX-마음 1106', '20240807', '20240807165900', '구미', '20240807185200', '천안', '0원'),
                                                                                                                              (8720, 'ITX-마음 9906', '20240807', '20240807152000', '구포', '20240807192100', '수원', '0원'),
                                                                                                                              (8800, 'KTX 108', '20240807', '20240807154000', '구포', '20240807163800', '동대구', '10300원'),
                                                                                                                              (8880, 'ITX-새마을 1008', '20240807', '20240807132700', '구포', '20240807170600', '천안', '31700원'),
                                                                                                                              (8960, '새마을호 1058', '20240807', '20240807142600', '군산', '20240807162600', '아산', '12200원'),
                                                                                                                              (9040, '무궁화호 1560', '20240807', '20240807131600', '군산', '20240807154500', '평택', '9900원'),
                                                                                                                              (9120, 'ITX-새마을 1021', '20240807', '20240807103300', '동대구', '20240807113000', '구포', '9500원'),
                                                                                                                              (9200, 'KTX 126', '20240807', '20240807184300', '동대구', '20240807203400', '수원', '31300원'),
                                                                                                                              (9280, 'SRT 345', '20240807', '20240807171600', '동대구', '20240807175700', '부산', '15600원'),
                                                                                                                              (9360, 'KTX 124', '20240807', '20240807140600', '동대구', '20240807162100', '영등포', '34200원'),
                                                                                                                              (9440, 'SRT 318', '20240807', '20240807094900', '동대구', '20240807102900', '대전', '17600원'),
                                                                                                                              (9520, '무궁화호 1356', '20240807', '20240807182400', '동대구', '20240807202600', '대전', '10400원'),
                                                                                                                              (9600, 'KTX-산천(A-type) 240', '20240807', '20240807114500', '동대구', '20240807133600', '서울', '43500원'),
                                                                                                                              (9680, 'KTX 70', '20240807', '20240807223000', '동대구', '20240808002100', '서울', '43500원'),
                                                                                                                              (9760, 'ITX-마음 9907', '20240807', '20240807135600', '대전', '20240807150200', '구미', '0원'),
                                                                                                                              (9840, 'KTX-산천(A-type) 196', '20240807', '20240807175200', '동대구', '20240807190800', '천안아산', '29300원'),
                                                                                                                              (9920, 'KTX 124', '20240807', '20240807144800', '대전', '20240807155600', '수원', '12900원'),
                                                                                                                              (10000, 'KTX 33', '20240807', '20240807142900', '대전', '20240807155800', '부산', '36200원'),
                                                                                                                              (10080, '무궁화호 1210', '20240807', '20240807132500', '대전', '20240807151700', '영등포', '10200원'),
                                                                                                                              (10160, 'ITX-새마을 1021', '20240807', '20240807085100', '대전', '20240807103100', '동대구', '15400원'),
                                                                                                                              (10240, 'ITX-새마을 1004', '20240807', '20240807113100', '대전', '20240807132200', '서울', '16000원'),
                                                                                                                              (10320, 'SRT 393', '20240807', '20240807173400', '대전', '20240807182000', '동대구', '17600원'),
                                                                                                                              (10400, 'KTX 66', '20240807', '20240807223500', '대전', '20240807234400', '서울', '23700원'),
                                                                                                                              (10480, 'KTX 8', '20240807', '20240807075100', '대전', '20240807082000', '천안아산', '9600원'),
                                                                                                                              (10560, '무궁화호 1945', '20240807', '20240807202500', '마산', '20240807220400', '순천', '7400원'),
                                                                                                                              (10640, 'ITX-마음 1162', '20240807', '20240807110600', '목포', '20240807150400', '수원', '0원'),
                                                                                                                              (10720, 'KTX-산천(A-type) 4042', '20240807', '20240807151900', '목포', '20240807162700', '익산', '21100원'),
                                                                                                                              (10800, 'ITX-새마을 1004', '20240807', '20240807082000', '부산', '20240807124800', '수원', '38600원'),
                                                                                                                              (10880, 'KTX 124', '20240807', '20240807131800', '부산', '20240807162100', '영등포', '48000원'),
                                                                                                                              (10960, 'KTX 58', '20240807', '20240807191300', '부산', '20240807213500', '서울', '59800원'),
                                                                                                                              (11040, 'ITX-마음 1102', '20240807', '20240807104000', '부산', '20240807114700', '동대구', '0원'),
                                                                                                                              (11120, 'KTX 66', '20240807', '20240807210000', '부산', '20240807214600', '동대구', '17100원'),
                                                                                                                              (11200, 'KTX 94', '20240807', '20240807162900', '부산', '20240807180200', '대전', '36200원'),
                                                                                                                              (11280, 'KTX 30', '20240807', '20240807120000', '부산', '20240807140600', '천안아산', '46500원'),
                                                                                                                              (11360, '무궁화호 1205', '20240807', '20240807071600', '서울', '20240807103900', '구미', '17900원'),
                                                                                                                              (11440, '무궁화호 1317', '20240807', '20240807193100', '서울', '20240807195600', '안양', '2600원'),
                                                                                                                              (11520, 'KTX 47', '20240807', '20240807162800', '서울', '20240807181000', '동대구', '43500원'),
                                                                                                                              (11600, 'KTX 121', '20240807', '20240807081200', '서울', '20240807113200', '부산', '48800원'),
                                                                                                                              (11680, 'KTX-산천(A-type) 75', '20240807', '20240807060300', '서울', '20240807071200', '대전', '23700원'),
                                                                                                                              (11760, '무궁화호 1215', '20240807', '20240807172800', '서울', '20240807193500', '대전', '10800원'),
                                                                                                                              (11840, 'KTX-이음 843', '20240807', '20240807110100', '서울', '20240807112000', '청량리', '8400원'),
                                                                                                                              (11920, 'ITX-마음 1105', '20240807', '20240807084900', '서울', '20240807095300', '천안', '0원'),
                                                                                                                              (12000, 'KTX 5', '20240807', '20240807055800', '서울', '20240807063800', '천안아산', '14100원'),
                                                                                                                              (12080, 'KTX 42', '20240807', '20240807154500', '서대구', '20240807163000', '대전', '18100원'),
                                                                                                                              (12160, '무궁화호 1205', '20240807', '20240807075200', '수원', '20240807111800', '동대구', '18500원'),
                                                                                                                              (12240, 'KTX 4007', '20240807', '20240807155600', '수원', '20240807170400', '대전', '12900원'),
                                                                                                                              (12320, '무궁화호 1282', '20240807', '20240807113800', '수원', '20240807121100', '서울', '2700원'),
                                                                                                                              (12400, '무궁화호 1559', '20240807', '20240807132600', '수원', '20240807163600', '익산', '13400원'),
                                                                                                                              (12480, '무궁화호 1422', '20240807', '20240807161900', '수원', '20240807164000', '영등포', '2600원'),
                                                                                                                              (12560, 'ITX-마음 9941', '20240807', '20240807103100', '수원', '20240807110200', '천안', '0원'),
                                                                                                                              (12640, '새마을호 1055', '20240807', '20240807141600', '수원', '20240807143500', '평택', '4800원'),
                                                                                                                              (12720, 'KTX-산천(A-type) 518', '20240807', '20240807165700', '순천', '20240807185200', '천안아산', '32000원'),
                                                                                                                              (12800, 'KTX-산천(A-type) 506', '20240807', '20240807090400', '순천', '20240807100100', '전주', '12400원'),
                                                                                                                              (12880, '새마을호 1060', '20240807', '20240807212600', '아산', '20240807220700', '수원', '5700원'),
                                                                                                                              (12960, '무궁화호 1316', '20240807', '20240807082000', '안양', '20240807084700', '서울', '2600원'),
                                                                                                                              (13040, 'ITX-새마을 1092', '20240807', '20240807053900', '안동', '20240807055900', '영주', '0원'),
                                                                                                                              (13120, 'KTX-산천(B-type) 542', '20240807', '20240807074800', '여수EXPO', '20240807080800', '순천', '8400원'),
                                                                                                                              (13200, 'ITX-마음 1182', '20240807', '20240807110800', '여수EXPO', '20240807123300', '전주', '0원'),
                                                                                                                              (13280, '무궁화호 1215', '20240807', '20240807174200', '영등포', '20240807230500', '구포', '27000원'),
                                                                                                                              (13360, '무궁화호 1211', '20240807', '20240807141800', '영등포', '20240807180400', '동대구', '20600원'),
                                                                                                                              (13440, '무궁화호 1315', '20240807', '20240807185000', '영등포', '20240807190300', '안양', '2600원'),
                                                                                                                              (13520, '새마을호 1051', '20240807', '20240807092700', '영등포', '20240807094900', '수원', '4800원'),
                                                                                                                              (13600, 'ITX-마음 4141', '20240807', '20240807081700', '영등포', '20240807110400', '익산', '0원'),
                                                                                                                              (13680, '무궁화호 1561', '20240807', '20240807143700', '영등포', '20240807152000', '평택', '4300원'),
                                                                                                                              (13760, 'ITX-마음 1183', '20240807', '20240807172700', '영등포', '20240807181800', '천안', '0원'),
                                                                                                                              (13840, 'KTX-산천(B-type) 508', '20240807', '20240807120000', '익산', '20240807121600', '공주', '8400원'),
                                                                                                                              (13920, 'KTX-산천(A-type) 435', '20240807', '20240807215400', '익산', '20240807223000', '광주송정', '14200원'),
                                                                                                                              (14000, 'ITX-마음 1182', '20240807', '20240807125600', '익산', '20240807150400', '수원', '0원'),
                                                                                                                              (14080, 'ITX-마음 1183', '20240807', '20240807200400', '익산', '20240807214300', '여수EXPO', '0원'),
                                                                                                                              (14160, '새마을호 1060', '20240807', '20240807191200', '익산', '20240807213200', '천안', '14700원'),
                                                                                                                              (14240, '무궁화호 1560', '20240807', '20240807125300', '익산', '20240807142800', '홍성', '6300원'),
                                                                                                                              (14320, 'KTX공항버스 8080', '20240807', '20240807211000', '인천공항T1', '20240807213000', '인천공항T2', '8000원'),
                                                                                                                              (14400, 'KTX-산천(B-type) 523', '20240807', '20240807231500', '전주', '20240808001100', '순천', '12400원'),
                                                                                                                              (14480, 'KTX-산천(A-type) 544', '20240807', '20240807204800', '전주', '20240807210500', '익산', '8400원'),
                                                                                                                              (14560, 'ITX-새마을 1013', '20240807', '20240807211900', '천안', '20240808004400', '구포', '31700원'),
                                                                                                                              (14640, '무궁화호 1319', '20240807', '20240807213000', '천안', '20240807222300', '대전', '4500원'),
                                                                                                                              (14720, '무궁화호 1503', '20240807', '20240807104500', '천안', '20240807151300', '여수EXPO', '21600원'),
                                                                                                                              (14800, 'ITX-새마을 1012', '20240807', '20240807221800', '천안', '20240807224500', '수원', '5300원'),
                                                                                                                              (14880, 'KTX-산천(A-type) 427', '20240807', '20240807172300', '천안아산', '20240807174600', '공주', '11400원'),
                                                                                                                              (14960, 'KTX 413', '20240807', '20240807111500', '천안아산', '20240807123200', '광주송정', '33800원'),
                                                                                                                              (15040, '무궁화호 1568', '20240807', '20240807224400', '천안', '20240807230000', '평택', '2600원'),
                                                                                                                              (15120, 'SRT 9371', '20240807', '20240807210800', '천안아산', '20240807222500', '동대구', '26400원'),
                                                                                                                              (15200, 'KTX 111', '20240807', '20240807221900', '천안아산', '20240807224200', '대전', '9600원'),
                                                                                                                              (15280, 'KTX-산천(B-type) 515', '20240807', '20240807172300', '천안아산', '20240807193000', '순천', '32000원'),
                                                                                                                              (15360, 'KTX 216', '20240807', '20240807191600', '천안아산', '20240807200000', '서울', '14100원'),
                                                                                                                              (15440, 'KTX-이음 814', '20240807', '20240807141000', '청량리', '20240807142900', '서울', '8400원'),
                                                                                                                              (15520, 'ITX-청춘 2010', '20240807', '20240807092100', '춘천', '20240807093900', '가평', '3000원'),
                                                                                                                              (15600, '무궁화호 1423', '20240807', '20240807171300', '평택', '20240807205700', '광주', '18400원'),
                                                                                                                              (15680, 'ITX-새마을 1011', '20240807', '20240807163100', '평택', '20240807201600', '구포', '33800원'),
                                                                                                                              (15760, '무궁화호 1503', '20240807', '20240807103100', '평택', '20240807151300', '여수EXPO', '23000원'),
                                                                                                                              (15840, 'ITX-마음 1184', '20240807', '20240807193700', '평택', '20240807195500', '수원', '0원'),
                                                                                                                              (15920, '새마을호 1051', '20240807', '20240807101100', '평택', '20240807125100', '익산', '16800원'),
                                                                                                                              (16000, 'ITX-새마을 1083', '20240807', '20240807172800', '평택', '20240807174000', '천안', '4800원');



INSERT INTO BOOK_MARK (bookmark_id, want_first_class, want_normal_seat, want_baby_seat, want_waiting_reservation, ticket_id, user_id) VALUES
                                                                                                                                          (1, TRUE, 'SEAT', 'STANDING_SEAT', FALSE, 8080, 1),
                                                                                                                                          (2, FALSE, 'STANDING_SEAT', 'SEAT', FALSE, 8160, 1),
                                                                                                                                          (3, TRUE, 'NOTFOUND', 'SEAT', FALSE, 8240, 1),
                                                                                                                                          (4, TRUE, 'SEAT', 'STANDING_SEAT', FALSE, 8320, 1),
                                                                                                                                          (5, FALSE, 'STANDING_SEAT', 'SEAT', FALSE, 8400, 1),
                                                                                                                                          (6, TRUE, 'NOTFOUND', 'SEAT', FALSE, 8480, 1),
                                                                                                                                          (7, TRUE, 'SEAT', 'STANDING_SEAT', FALSE, 8560, 1),
                                                                                                                                          (8, FALSE, 'STANDING_SEAT', 'SEAT', FALSE, 8640, 1),
                                                                                                                                          (9, TRUE, 'NOTFOUND', 'SEAT', FALSE, 8720, 1),
                                                                                                                                          (10, TRUE, 'SEAT', 'STANDING_SEAT', FALSE, 8800, 1),
                                                                                                                                          (11, FALSE, 'STANDING_SEAT', 'SEAT', FALSE, 8880, 1),
                                                                                                                                          (12, TRUE, 'NOTFOUND', 'SEAT', FALSE, 8960, 1),
                                                                                                                                          (13, TRUE, 'SEAT', 'STANDING_SEAT', FALSE, 9040, 1),
                                                                                                                                          (14, FALSE, 'STANDING_SEAT', 'SEAT', FALSE, 9120, 1),
                                                                                                                                          (15, TRUE, 'NOTFOUND', 'SEAT', FALSE, 9200, 1),
                                                                                                                                          (16, TRUE, 'SEAT', 'STANDING_SEAT', FALSE, 9280, 1),
                                                                                                                                          (17, FALSE, 'STANDING_SEAT', 'SEAT', FALSE, 9360, 1),
                                                                                                                                          (18, TRUE, 'NOTFOUND', 'SEAT', FALSE, 9440, 1),
                                                                                                                                          (19, TRUE, 'SEAT', 'STANDING_SEAT', FALSE, 9520, 1),
                                                                                                                                          (20, FALSE, 'STANDING_SEAT', 'SEAT', FALSE, 9600, 1),
                                                                                                                                          (21, TRUE, 'NOTFOUND', 'SEAT', FALSE, 9680, 1),
                                                                                                                                          (22, TRUE, 'SEAT', 'STANDING_SEAT', FALSE, 9760, 1),
                                                                                                                                          (23, FALSE, 'STANDING_SEAT', 'SEAT', FALSE, 9840, 1),
                                                                                                                                          (24, TRUE, 'NOTFOUND', 'SEAT', FALSE, 9920, 1),
                                                                                                                                          (25, TRUE, 'SEAT', 'STANDING_SEAT', FALSE, 10000, 1),
                                                                                                                                          (26, FALSE, 'STANDING_SEAT', 'SEAT', FALSE, 10080, 1),
                                                                                                                                          (27, TRUE, 'NOTFOUND', 'SEAT', FALSE, 10160, 1),
                                                                                                                                          (28, TRUE, 'SEAT', 'STANDING_SEAT', FALSE, 10240, 1),
                                                                                                                                          (29, FALSE, 'STANDING_SEAT', 'SEAT', FALSE, 10320, 1),
                                                                                                                                          (30, TRUE, 'NOTFOUND', 'SEAT', FALSE, 10400, 1),
                                                                                                                                          (31, TRUE, 'SEAT', 'STANDING_SEAT', FALSE, 10480, 1),
                                                                                                                                          (32, FALSE, 'STANDING_SEAT', 'SEAT', FALSE, 10560, 1),
                                                                                                                                          (33, TRUE, 'NOTFOUND', 'SEAT', FALSE, 10640, 1),
                                                                                                                                          (34, TRUE, 'SEAT', 'STANDING_SEAT', FALSE, 10720, 1),
                                                                                                                                          (35, FALSE, 'STANDING_SEAT', 'SEAT', FALSE, 10800, 1),
                                                                                                                                          (36, TRUE, 'NOTFOUND', 'SEAT', FALSE, 10880, 1),
                                                                                                                                          (37, TRUE, 'SEAT', 'STANDING_SEAT', FALSE, 10960, 1),
                                                                                                                                          (38, FALSE, 'STANDING_SEAT', 'SEAT', FALSE, 11040, 1),
                                                                                                                                          (39, TRUE, 'NOTFOUND', 'SEAT', FALSE, 11120, 1),
                                                                                                                                          (40, TRUE, 'SEAT', 'STANDING_SEAT', FALSE, 11200, 1),
                                                                                                                                          (41, FALSE, 'STANDING_SEAT', 'SEAT', FALSE, 11280, 1),
                                                                                                                                          (42, TRUE, 'NOTFOUND', 'SEAT', FALSE, 11360, 1),
                                                                                                                                          (43, TRUE, 'SEAT', 'STANDING_SEAT', FALSE, 11440, 1),
                                                                                                                                          (44, FALSE, 'STANDING_SEAT', 'SEAT', FALSE, 11520, 1),
                                                                                                                                          (45, TRUE, 'NOTFOUND', 'SEAT', FALSE, 11600, 1),
                                                                                                                                          (46, TRUE, 'SEAT', 'STANDING_SEAT', FALSE, 11680, 1),
                                                                                                                                          (47, FALSE, 'STANDING_SEAT', 'SEAT', FALSE, 11760, 1),
                                                                                                                                          (48, TRUE, 'NOTFOUND', 'SEAT', FALSE, 11840, 1),
                                                                                                                                          (49, TRUE, 'SEAT', 'STANDING_SEAT', FALSE, 11920, 1),
                                                                                                                                          (50, FALSE, 'STANDING_SEAT', 'SEAT', FALSE, 12000, 1),
                                                                                                                                          (51, TRUE, 'NOTFOUND', 'SEAT', FALSE, 12080, 1),
                                                                                                                                          (52, TRUE, 'SEAT', 'STANDING_SEAT', FALSE, 12160, 1),
                                                                                                                                          (53, FALSE, 'STANDING_SEAT', 'SEAT', FALSE, 12240, 1),
                                                                                                                                          (54, TRUE, 'NOTFOUND', 'SEAT', FALSE, 12320, 1),
                                                                                                                                          (55, TRUE, 'SEAT', 'STANDING_SEAT', FALSE, 12400, 1),
                                                                                                                                          (56, FALSE, 'STANDING_SEAT', 'SEAT', FALSE, 12480, 1),
                                                                                                                                          (57, TRUE, 'NOTFOUND', 'SEAT', FALSE, 12560, 1),
                                                                                                                                          (58, TRUE, 'SEAT', 'STANDING_SEAT', FALSE, 12640, 1),
                                                                                                                                          (59, FALSE, 'STANDING_SEAT', 'SEAT', FALSE, 12720, 1),
                                                                                                                                          (60, TRUE, 'NOTFOUND', 'SEAT', FALSE, 12800, 1),
                                                                                                                                          (61, TRUE, 'SEAT', 'STANDING_SEAT', FALSE, 12880, 1),
                                                                                                                                          (62, FALSE, 'STANDING_SEAT', 'SEAT', FALSE, 12960, 1),
                                                                                                                                          (63, TRUE, 'NOTFOUND', 'SEAT', FALSE, 13040, 1),
                                                                                                                                          (64, TRUE, 'SEAT', 'STANDING_SEAT', FALSE, 13120, 1),
                                                                                                                                          (65, FALSE, 'STANDING_SEAT', 'SEAT', FALSE, 13200, 1),
                                                                                                                                          (66, TRUE, 'NOTFOUND', 'SEAT', FALSE, 13280, 1),
                                                                                                                                          (67, TRUE, 'SEAT', 'STANDING_SEAT', FALSE, 13360, 1),
                                                                                                                                          (68, FALSE, 'STANDING_SEAT', 'SEAT', FALSE, 13440, 1),
                                                                                                                                          (69, TRUE, 'NOTFOUND', 'SEAT', FALSE, 13520, 1),
                                                                                                                                          (70, TRUE, 'SEAT', 'STANDING_SEAT', FALSE, 13600, 1),
                                                                                                                                          (71, FALSE, 'STANDING_SEAT', 'SEAT', FALSE, 13680, 1),
                                                                                                                                          (72, TRUE, 'NOTFOUND', 'SEAT', FALSE, 13760, 1),
                                                                                                                                          (73, TRUE, 'SEAT', 'STANDING_SEAT', FALSE, 13840, 1),
                                                                                                                                          (74, FALSE, 'STANDING_SEAT', 'SEAT', FALSE, 13920, 1),
                                                                                                                                          (75, TRUE, 'NOTFOUND', 'SEAT', FALSE, 14000, 1),
                                                                                                                                          (76, TRUE, 'SEAT', 'STANDING_SEAT', FALSE, 14080, 1),
                                                                                                                                          (77, FALSE, 'STANDING_SEAT', 'SEAT', FALSE, 14160, 1),
                                                                                                                                          (78, TRUE, 'NOTFOUND', 'SEAT', FALSE, 14240, 1),
                                                                                                                                          (79, TRUE, 'SEAT', 'STANDING_SEAT', FALSE, 14320, 1),
                                                                                                                                          (80, TRUE, 'NOTFOUND', 'SEAT', FALSE, 14400, 1),
                                                                                                                                          (81, TRUE, 'SEAT', 'STANDING_SEAT', FALSE, 14480, 1),
                                                                                                                                          (82, FALSE, 'STANDING_SEAT', 'SEAT', FALSE, 14560, 1),
                                                                                                                                          (83, TRUE, 'NOTFOUND', 'SEAT', FALSE, 14640, 1),
                                                                                                                                          (84, TRUE, 'SEAT', 'STANDING_SEAT', FALSE, 14720, 1),
                                                                                                                                          (85, FALSE, 'STANDING_SEAT', 'SEAT', FALSE, 14800, 1),
                                                                                                                                          (86, TRUE, 'NOTFOUND', 'SEAT', FALSE, 14880, 1),
                                                                                                                                          (87, TRUE, 'SEAT', 'STANDING_SEAT', FALSE, 14960, 1),
                                                                                                                                          (88, FALSE, 'STANDING_SEAT', 'SEAT', FALSE, 15040, 1),
                                                                                                                                          (89, TRUE, 'NOTFOUND', 'SEAT', FALSE, 15120, 1),
                                                                                                                                          (90, TRUE, 'SEAT', 'STANDING_SEAT', FALSE, 15200, 1),
                                                                                                                                          (91, FALSE, 'STANDING_SEAT', 'SEAT', FALSE, 15280, 1),
                                                                                                                                          (92, TRUE, 'NOTFOUND', 'SEAT', FALSE, 15360, 1),
                                                                                                                                          (93, TRUE, 'SEAT', 'STANDING_SEAT', FALSE, 15440, 1),
                                                                                                                                          (94, FALSE, 'STANDING_SEAT', 'SEAT', FALSE, 15520, 1),
                                                                                                                                          (95, TRUE, 'NOTFOUND', 'SEAT', FALSE, 15600, 1),
                                                                                                                                          (96, TRUE, 'SEAT', 'STANDING_SEAT', FALSE, 15680, 1),
                                                                                                                                          (97, FALSE, 'STANDING_SEAT', 'SEAT', FALSE, 15760, 1),
                                                                                                                                          (98, TRUE, 'NOTFOUND', 'SEAT', FALSE, 15840, 1),
                                                                                                                                          (99, TRUE, 'SEAT', 'STANDING_SEAT', FALSE, 15920, 1),
                                                                                                                                          (100, FALSE, 'STANDING_SEAT', 'SEAT', FALSE, 16000, 1);